sample	product	locus	status	ref_aa_len	placed	changed	ambiguous	uncovered	thin	min_depth
barcode01	HA	A_HA	identity	567	567	2	0	0	0	20
barcode01	M1	A_MP	identity	252	252	0	0	0	0	20
barcode01	M2	A_MP	identity	97	97	0	0	0	0	20
barcode01	NA	A_NA	identity	469	469	2	0	0	0	20
barcode01	NEP	A_NS	identity	121	121	0	0	0	0	20
barcode01	NP	A_NP	identity	498	498	0	0	0	0	20
barcode01	NS1	A_NS	identity	230	230	0	0	0	0	20
barcode01	PA	A_PA	identity	716	716	1	0	0	0	20
barcode01	PA-X	A_PA	identity	252	252	0	0	0	0	20
barcode01	PB1	A_PB1	identity	757	757	2	0	0	0	20
barcode01	PB1-F2	A_PB1	identity	90	90	0	0	0	0	20
barcode01	PB2	A_PB2	identity	759	759	0	0	0	0	20
barcode02	HA	A_HA	identity	567	567	1	0	0	0	20
barcode02	M1	A_MP	identity	252	252	0	0	0	0	20
barcode02	M2	A_MP	identity	97	97	0	0	0	0	20
barcode02	NA	A_NA	identity	469	469	1	0	0	0	20
barcode02	NEP	A_NS	identity	121	121	0	0	0	0	20
barcode02	NP	A_NP	identity	498	498	1	0	0	0	20
barcode02	NS1	A_NS	identity	230	230	0	0	0	0	20
barcode02	PA	A_PA	identity	716	716	0	0	0	0	20
barcode02	PA-X	A_PA	identity	252	252	0	0	0	0	20
barcode02	PB1	A_PB1	identity	757	757	0	0	0	0	20
barcode02	PB1-F2	A_PB1	identity	90	90	0	0	0	0	20
barcode02	PB2	A_PB2	identity	759	759	0	0	0	0	20
barcode03	HA	A_HA	identity	567	567	0	0	0	0	20
barcode03	M1	A_MP	identity	252	252	0	0	0	0	20
barcode03	M2	A_MP	identity	97	97	0	0	0	0	20
barcode03	NA	A_NA	identity	469	469	0	0	0	0	20
barcode03	NEP	A_NS	identity	121	121	0	0	0	0	20
barcode03	NP	A_NP	identity	498	498	1	0	0	0	20
barcode03	NS1	A_NS	identity	230	230	1	0	0	0	20
barcode03	PA	A_PA	identity	716	716	0	0	0	0	20
barcode03	PA-X	A_PA	identity	252	252	0	0	0	0	20
barcode03	PB1	A_PB1	identity	757	757	1	0	0	0	20
barcode03	PB1-F2	A_PB1	identity	90	90	0	0	0	0	20
barcode03	PB2	A_PB2	identity	759	759	1	0	0	0	20
barcode04	HA	A_HA	identity	567	567	1	0	0	0	20
barcode04	M1	A_MP	identity	252	252	1	0	0	0	20
barcode04	M2	A_MP	identity	97	97	0	0	0	0	20
barcode04	NA	A_NA	identity	469	469	1	0	0	0	20
barcode04	NEP	A_NS	identity	121	121	0	0	0	0	20
barcode04	NP	A_NP	identity	498	498	0	0	0	0	20
barcode04	NS1	A_NS	identity	230	230	0	0	0	0	20
barcode04	PA	A_PA	identity	716	716	0	0	0	0	20
barcode04	PA-X	A_PA	identity	252	252	0	0	0	0	20
barcode04	PB1	A_PB1	identity	757	757	2	0	0	0	20
barcode04	PB1-F2	A_PB1	identity	90	90	0	0	0	0	20
barcode04	PB2	A_PB2	identity	759	759	1	0	0	0	20
barcode05	HA	A_HA	identity	567	567	0	0	0	0	20
barcode05	M1	A_MP	identity	252	252	0	0	0	0	20
barcode05	M2	A_MP	identity	97	97	0	0	0	0	20
barcode05	NA	A_NA	identity	469	469	1	0	0	0	20
barcode05	NEP	A_NS	absent	121	0	0	0	121	0	20
barcode05	NP	A_NP	identity	498	498	0	0	0	0	20
barcode05	NS1	A_NS	absent	230	0	0	0	230	0	20
barcode05	PA	A_PA	absent	716	0	0	0	716	0	20
barcode05	PA-X	A_PA	absent	252	0	0	0	252	0	20
barcode05	PB1	A_PB1	identity	757	757	1	0	0	0	20
barcode05	PB1-F2	A_PB1	identity	90	90	0	0	0	0	20
barcode05	PB2	A_PB2	identity	759	759	0	0	0	0	20
